dt,LandAndOceanAverageTemperature
01-Jan-1900,13.142000000000001
01-Feb-1900,13.777
01-Mar-1900,14.4
01-Apr-1900,15.17
01-May-1900,15.955
01-Jun-1900,16.515
01-Jul-1900,16.785
01-Aug-1900,16.699
01-Sep-1900,16.124000000000002
01-Oct-1900,15.373
01-Nov-1900,14.189
01-Dec-1900,13.597999999999999
01-Jan-1901,13.29
01-Feb-1901,13.66
01-Mar-1901,14.383
01-Apr-1901,15.22
01-May-1901,15.936
01-Jun-1901,16.441000000000006
01-Jul-1901,16.718
01-Aug-1901,16.663
01-Sep-1901,16.000999999999998
01-Oct-1901,15.087
01-Nov-1901,14.100999999999999
01-Dec-1901,13.38
01-Jan-1902,13.302
01-Feb-1902,13.690999999999999
01-Mar-1902,14.1
01-Apr-1902,14.958
01-May-1902,15.719000000000001
01-Jun-1902,16.284000000000002
01-Jul-1902,16.69
01-Aug-1902,16.590999999999998
01-Sep-1902,16.032
01-Oct-1902,14.991
01-Nov-1902,13.902
01-Dec-1902,13.24
01-Jan-1903,13.275
01-Feb-1903,13.668
01-Mar-1903,14.05
01-Apr-1903,14.800999999999998
01-May-1903,15.645
01-Jun-1903,16.160999999999998
01-Jul-1903,16.496000000000002
01-Aug-1903,16.304000000000002
01-Sep-1903,15.770999999999999
01-Oct-1903,14.835
01-Nov-1903,13.828
01-Dec-1903,13.205
01-Jan-1904,12.957
01-Feb-1904,13.154000000000002
01-Mar-1904,13.859000000000002
01-Apr-1904,14.755
01-May-1904,15.573
01-Jun-1904,16.207
01-Jul-1904,16.525000000000002
01-Aug-1904,16.403000000000002
01-Sep-1904,15.767999999999999
01-Oct-1904,14.947
01-Nov-1904,14.144
01-Dec-1904,13.433
01-Jan-1905,13.205
01-Feb-1905,13.206
01-Mar-1905,14.035
01-Apr-1905,14.857000000000001
01-May-1905,15.788
01-Jun-1905,16.379
01-Jul-1905,16.651
01-Aug-1905,16.558
01-Sep-1905,16.004
01-Oct-1905,15.091
01-Nov-1905,14.232000000000001
01-Dec-1905,13.45
01-Jan-1906,13.25
01-Feb-1906,13.502
01-Mar-1906,14.245
01-Apr-1906,15.23
01-May-1906,15.769
01-Jun-1906,16.436
01-Jul-1906,16.662
01-Aug-1906,16.593
01-Sep-1906,15.95
01-Oct-1906,15.152
01-Nov-1906,14.054
01-Dec-1906,13.54
01-Jan-1907,13.108
01-Feb-1907,13.257
01-Mar-1907,14.15
01-Apr-1907,14.918
01-May-1907,15.602
01-Jun-1907,16.253
01-Jul-1907,16.596
01-Aug-1907,16.456
01-Sep-1907,15.902
01-Oct-1907,15.159
01-Nov-1907,13.872
01-Dec-1907,13.225
01-Jan-1908,13.16
01-Feb-1908,13.440999999999999
01-Mar-1908,13.783
01-Apr-1908,14.800999999999998
01-May-1908,15.757
01-Jun-1908,16.289
01-Jul-1908,16.618000000000002
01-Aug-1908,16.365000000000002
01-Sep-1908,15.93
01-Oct-1908,14.883
01-Nov-1908,13.842
01-Dec-1908,13.189
01-Jan-1909,12.839
01-Feb-1909,13.35
01-Mar-1909,13.852
01-Apr-1909,14.719000000000001
01-May-1909,15.6
01-Jun-1909,16.191000000000006
01-Jul-1909,16.437
01-Aug-1909,16.496000000000002
01-Sep-1909,15.849
01-Oct-1909,14.940999999999999
01-Nov-1909,13.993
01-Dec-1909,13.217
01-Jan-1910,13.139000000000001
01-Feb-1910,13.317
01-Mar-1910,13.872
01-Apr-1910,14.845
01-May-1910,15.712
01-Jun-1910,16.264000000000006
01-Jul-1910,16.543
01-Aug-1910,16.477
01-Sep-1910,15.875
01-Oct-1910,15.019
01-Nov-1910,13.75
01-Dec-1910,13.015999999999998
01-Jan-1911,12.908
01-Feb-1911,13.164
01-Mar-1911,13.752
01-Apr-1911,14.716
01-May-1911,15.497
01-Jun-1911,16.108
01-Jul-1911,16.430999999999997
01-Aug-1911,16.387
01-Sep-1911,15.799000000000001
01-Oct-1911,15.062999999999999
01-Nov-1911,14.062000000000001
01-Dec-1911,13.425
01-Jan-1912,13.249
01-Feb-1912,13.595
01-Mar-1912,13.995
01-Apr-1912,15.065
01-May-1912,15.812999999999999
01-Jun-1912,16.397000000000002
01-Jul-1912,16.509
01-Aug-1912,16.309
01-Sep-1912,15.685
01-Oct-1912,14.751
01-Nov-1912,13.927999999999999
01-Dec-1912,13.23
01-Jan-1913,13.066
01-Feb-1913,13.344
01-Mar-1913,13.953
01-Apr-1913,14.957
01-May-1913,15.679
01-Jun-1913,16.215999999999998
01-Jul-1913,16.552
01-Aug-1913,16.496000000000002
01-Sep-1913,15.867
01-Oct-1913,15.027999999999999
01-Nov-1913,14.123
01-Dec-1913,13.624
01-Jan-1914,13.545
01-Feb-1914,13.575999999999999
01-Mar-1914,14.103
01-Apr-1914,15.018
01-May-1914,15.857000000000001
01-Jun-1914,16.421000000000006
01-Jul-1914,16.653
01-Aug-1914,16.692
01-Sep-1914,16.075
01-Oct-1914,15.222999999999999
01-Nov-1914,14.155
01-Dec-1914,13.597000000000001
01-Jan-1915,13.32
01-Feb-1915,13.675
01-Mar-1915,14.32
01-Apr-1915,15.292
01-May-1915,16.067
01-Jun-1915,16.445
01-Jul-1915,16.817
01-Aug-1915,16.802
01-Sep-1915,16.102
01-Oct-1915,15.093
01-Nov-1915,14.254000000000001
01-Dec-1915,13.538
01-Jan-1916,13.294
01-Feb-1916,13.581
01-Mar-1916,14.121
01-Apr-1916,14.975
01-May-1916,15.779000000000002
01-Jun-1916,16.290000000000006
01-Jul-1916,16.599
01-Aug-1916,16.511
01-Sep-1916,15.927
01-Oct-1916,14.919
01-Nov-1916,13.814
01-Dec-1916,13.005999999999998
01-Jan-1917,12.84
01-Feb-1917,13.099
01-Mar-1917,13.800999999999998
01-Apr-1917,14.815
01-May-1917,15.537
01-Jun-1917,16.239
01-Jul-1917,16.706
01-Aug-1917,16.580000000000002
01-Sep-1917,16.058
01-Oct-1917,14.942
01-Nov-1917,14.002
01-Dec-1917,13.097999999999999
01-Jan-1918,13.129000000000001
01-Feb-1918,13.312
01-Mar-1918,14.034
01-Apr-1918,14.794
01-May-1918,15.732999999999999
01-Jun-1918,16.305999999999997
01-Jul-1918,16.596
01-Aug-1918,16.552
01-Sep-1918,16.074
01-Oct-1918,15.252
01-Nov-1918,14.297
01-Dec-1918,13.439
01-Jan-1919,13.309000000000001
01-Feb-1919,13.677999999999999
01-Mar-1919,14.22
01-Apr-1919,15.253
01-May-1919,15.847000000000001
01-Jun-1919,16.375
01-Jul-1919,16.582
01-Aug-1919,16.498
01-Sep-1919,16.025
01-Oct-1919,15.117
01-Nov-1919,13.914000000000001
01-Dec-1919,13.263
01-Jan-1920,13.257
01-Feb-1920,13.347
01-Mar-1920,14.25
01-Apr-1920,15.079
01-May-1920,15.855
01-Jun-1920,16.415000000000006
01-Jul-1920,16.692999999999998
01-Aug-1920,16.625999999999998
01-Sep-1920,16.117
01-Oct-1920,15.206
01-Nov-1920,14.159
01-Dec-1920,13.311
01-Jan-1921,13.439
01-Feb-1921,13.622
01-Mar-1921,14.128
01-Apr-1921,15.005
01-May-1921,15.825999999999999
01-Jun-1921,16.490000000000002
01-Jul-1921,16.783
01-Aug-1921,16.618000000000002
01-Sep-1921,16.166
01-Oct-1921,15.285
01-Nov-1921,14.235999999999999
01-Dec-1921,13.627
01-Jan-1922,13.177
01-Feb-1922,13.453
01-Mar-1922,14.245
01-Apr-1922,15.168
01-May-1922,15.777999999999999
01-Jun-1922,16.406000000000002
01-Jul-1922,16.745
01-Aug-1922,16.532
01-Sep-1922,15.981
01-Oct-1922,15.043
01-Nov-1922,14.117
01-Dec-1922,13.503
01-Jan-1923,13.24
01-Feb-1923,13.357999999999999
01-Mar-1923,14.049000000000001
01-Apr-1923,14.959000000000001
01-May-1923,15.724
01-Jun-1923,16.452
01-Jul-1923,16.628
01-Aug-1923,16.54
01-Sep-1923,15.992
01-Oct-1923,15.249
01-Nov-1923,14.404000000000002
01-Dec-1923,13.739
01-Jan-1924,13.303
01-Feb-1924,13.585
01-Mar-1924,14.325
01-Apr-1924,15.081
01-May-1924,15.918
01-Jun-1924,16.461000000000002
01-Jul-1924,16.724
01-Aug-1924,16.555999999999997
01-Sep-1924,16.003
01-Oct-1924,15.042
01-Nov-1924,14.132
01-Dec-1924,13.342
01-Jan-1925,13.157
01-Feb-1925,13.360999999999999
01-Mar-1925,14.155
01-Apr-1925,15.011
01-May-1925,15.855
01-Jun-1925,16.413
01-Jul-1925,16.740000000000002
01-Aug-1925,16.715999999999998
01-Sep-1925,16.14
01-Oct-1925,15.220999999999998
01-Nov-1925,14.418
01-Dec-1925,13.897
01-Jan-1926,13.739
01-Feb-1926,13.842
01-Mar-1926,14.536
01-Apr-1926,15.214
01-May-1926,15.932
01-Jun-1926,16.581
01-Jul-1926,16.766000000000002
01-Aug-1926,16.8
01-Sep-1926,16.222
01-Oct-1926,15.372
01-Nov-1926,14.350999999999999
01-Dec-1926,13.538
01-Jan-1927,13.323
01-Feb-1927,13.65
01-Mar-1927,14.084000000000001
01-Apr-1927,15.045
01-May-1927,15.873
01-Jun-1927,16.444000000000006
01-Jul-1927,16.812
01-Aug-1927,16.742
01-Sep-1927,16.224
01-Oct-1927,15.435
01-Nov-1927,14.342
01-Dec-1927,13.493
01-Jan-1928,13.637
01-Feb-1928,13.722
01-Mar-1928,14.229000000000001
01-Apr-1928,15.126
01-May-1928,15.88
01-Jun-1928,16.355
01-Jul-1928,16.796
01-Aug-1928,16.7
01-Sep-1928,16.066
01-Oct-1928,15.232
01-Nov-1928,14.276
01-Dec-1928,13.568
01-Jan-1929,13.137
01-Feb-1929,13.241
01-Mar-1929,14.079
01-Apr-1929,14.987
01-May-1929,15.716
01-Jun-1929,16.328000000000007
01-Jul-1929,16.59
01-Aug-1929,16.671
01-Sep-1929,16.092
01-Oct-1929,15.248
01-Nov-1929,14.312999999999999
01-Dec-1929,13.207
01-Jan-1930,13.26
01-Feb-1930,13.54
01-Mar-1930,14.326
01-Apr-1930,15.081
01-May-1930,15.911
01-Jun-1930,16.473000000000006
01-Jul-1930,16.854
01-Aug-1930,16.791
01-Sep-1930,16.25
01-Oct-1930,15.355
01-Nov-1930,14.505
01-Dec-1930,13.724
01-Jan-1931,13.529000000000002
01-Feb-1931,13.620999999999999
01-Mar-1931,14.347000000000001
01-Apr-1931,15.116
01-May-1931,15.872
01-Jun-1931,16.630000000000006
01-Jul-1931,16.967
01-Aug-1931,16.887
01-Sep-1931,16.294
01-Oct-1931,15.448
01-Nov-1931,14.317
01-Dec-1931,13.710999999999999
01-Jan-1932,13.687000000000001
01-Feb-1932,13.658
01-Mar-1932,14.252
01-Apr-1932,15.335
01-May-1932,16.018
01-Jun-1932,16.504
01-Jul-1932,16.846
01-Aug-1932,16.68
01-Sep-1932,16.262999999999998
01-Oct-1932,15.28
01-Nov-1932,14.175
01-Dec-1932,13.558
01-Jan-1933,13.26
01-Feb-1933,13.505999999999998
01-Mar-1933,14.130999999999998
01-Apr-1933,15.043
01-May-1933,15.823
01-Jun-1933,16.337
01-Jul-1933,16.704
01-Aug-1933,16.701
01-Sep-1933,16.024
01-Oct-1933,15.142999999999999
01-Nov-1933,14.130999999999998
01-Dec-1933,13.352
01-Jan-1934,13.276
01-Feb-1934,13.700999999999999
01-Mar-1934,14.072000000000001
01-Apr-1934,15.02
01-May-1934,15.950999999999999
01-Jun-1934,16.578000000000007
01-Jul-1934,16.851
01-Aug-1934,16.740000000000002
01-Sep-1934,16.128
01-Oct-1934,15.332
01-Nov-1934,14.412
01-Dec-1934,13.673
01-Jan-1935,13.299000000000001
01-Feb-1935,13.857
01-Mar-1935,14.269
01-Apr-1935,15.013
01-May-1935,15.848
01-Jun-1935,16.504
01-Jul-1935,16.848
01-Aug-1935,16.715
01-Sep-1935,16.143
01-Oct-1935,15.311
01-Nov-1935,14.069
01-Dec-1935,13.55
01-Jan-1936,13.26
01-Feb-1936,13.533
01-Mar-1936,14.206
01-Apr-1936,15.089
01-May-1936,15.935
01-Jun-1936,16.524
01-Jul-1936,16.928
01-Aug-1936,16.811
01-Sep-1936,16.191
01-Oct-1936,15.412
01-Nov-1936,14.338
01-Dec-1936,13.767000000000001
01-Jan-1937,13.417
01-Feb-1937,13.904000000000002
01-Mar-1937,14.276
01-Apr-1937,15.228
01-May-1937,16.051
01-Jun-1937,16.679000000000002
01-Jul-1937,17.054000000000002
01-Aug-1937,16.941
01-Sep-1937,16.402
01-Oct-1937,15.523
01-Nov-1937,14.447
01-Dec-1937,13.684
01-Jan-1938,13.595999999999998
01-Feb-1938,13.827
01-Mar-1938,14.491
01-Apr-1938,15.363
01-May-1938,16.000999999999998
01-Jun-1938,16.607000000000006
01-Jul-1938,16.871
01-Aug-1938,16.904
01-Sep-1938,16.367
01-Oct-1938,15.526
01-Nov-1938,14.408
01-Dec-1938,13.556
01-Jan-1939,13.537999999999998
01-Feb-1939,13.757
01-Mar-1939,14.273
01-Apr-1939,15.296
01-May-1939,16.174
01-Jun-1939,16.712
01-Jul-1939,16.988
01-Aug-1939,16.892
01-Sep-1939,16.3
01-Oct-1939,15.232
01-Nov-1939,14.379000000000001
01-Dec-1939,14.087
01-Jan-1940,13.576
01-Feb-1940,13.932
01-Mar-1940,14.48
01-Apr-1940,15.452
01-May-1940,16.08
01-Jun-1940,16.725
01-Jul-1940,17.123
01-Aug-1940,16.945999999999998
01-Sep-1940,16.43
01-Oct-1940,15.384
01-Nov-1940,14.377
01-Dec-1940,13.96
01-Jan-1941,13.622
01-Feb-1941,13.946000000000002
01-Mar-1941,14.425
01-Apr-1941,15.407
01-May-1941,16.152
01-Jun-1941,16.753
01-Jul-1941,17.131
01-Aug-1941,16.915
01-Sep-1941,16.19
01-Oct-1941,15.629
01-Nov-1941,14.475
01-Dec-1941,13.970999999999998
01-Jan-1942,13.821
01-Feb-1942,13.773
01-Mar-1942,14.538
01-Apr-1942,15.307
01-May-1942,16.147000000000002
01-Jun-1942,16.729000000000006
01-Jul-1942,16.902
01-Aug-1942,16.766000000000002
01-Sep-1942,16.265
01-Oct-1942,15.357999999999999
01-Nov-1942,14.425999999999998
01-Dec-1942,13.872
01-Jan-1943,13.522
01-Feb-1943,13.939
01-Mar-1943,14.371
01-Apr-1943,15.335
01-May-1943,16.123
01-Jun-1943,16.596
01-Jul-1943,16.95
01-Aug-1943,16.912
01-Sep-1943,16.285
01-Oct-1943,15.62
01-Nov-1943,14.53
01-Dec-1943,13.957
01-Jan-1944,13.819
01-Feb-1944,14.023
01-Mar-1944,14.632
01-Apr-1944,15.432
01-May-1944,16.212
01-Jun-1944,16.772000000000002
01-Jul-1944,17.119
01-Aug-1944,17.117
01-Sep-1944,16.472
01-Oct-1944,15.623
01-Nov-1944,14.401
01-Dec-1944,13.767000000000001
01-Jan-1945,13.586
01-Feb-1945,13.747
01-Mar-1945,14.462
01-Apr-1945,15.431
01-May-1945,16.064
01-Jun-1945,16.660999999999998
01-Jul-1945,16.910999999999998
01-Aug-1945,17.105999999999998
01-Sep-1945,16.358
01-Oct-1945,15.574000000000002
01-Nov-1945,14.453
01-Dec-1945,13.616
01-Jan-1946,13.638
01-Feb-1946,13.815999999999999
01-Mar-1946,14.514000000000001
01-Apr-1946,15.441
01-May-1946,15.994000000000002
01-Jun-1946,16.512999999999998
01-Jul-1946,16.944000000000003
01-Aug-1946,16.717000000000002
01-Sep-1946,16.252
01-Oct-1946,15.437
01-Nov-1946,14.359000000000002
01-Dec-1946,13.527999999999999
01-Jan-1947,13.532
01-Feb-1947,13.832
01-Mar-1947,14.54
01-Apr-1947,15.373
01-May-1947,16.089000000000002
01-Jun-1947,16.701
01-Jul-1947,16.973
01-Aug-1947,16.804000000000002
01-Sep-1947,16.261
01-Oct-1947,15.49
01-Nov-1947,14.435
01-Dec-1947,13.692
01-Jan-1948,13.666
01-Feb-1948,13.692
01-Mar-1948,14.284
01-Apr-1948,15.265999999999998
01-May-1948,16.173
01-Jun-1948,16.742
01-Jul-1948,16.938
01-Aug-1948,16.902
01-Sep-1948,16.243
01-Oct-1948,15.389
01-Nov-1948,14.299000000000001
01-Dec-1948,13.54
01-Jan-1949,13.704
01-Feb-1949,13.686
01-Mar-1949,14.322000000000001
01-Apr-1949,15.312000000000001
01-May-1949,16.063
01-Jun-1949,16.467000000000002
01-Jul-1949,16.807000000000002
01-Aug-1949,16.796
01-Sep-1949,16.177
01-Oct-1949,15.375
01-Nov-1949,14.331
01-Dec-1949,13.633
01-Jan-1950,13.311
01-Feb-1950,13.554
01-Mar-1950,14.296
01-Apr-1950,15.093
01-May-1950,16.033
01-Jun-1950,16.66
01-Jul-1950,16.980999999999998
01-Aug-1950,16.730999999999998
01-Sep-1950,16.124000000000002
01-Oct-1950,15.245
01-Nov-1950,14.06
01-Dec-1950,13.585999999999999
01-Jan-1951,13.341
01-Feb-1951,13.488
01-Mar-1951,14.278
01-Apr-1951,15.198
01-May-1951,16.158
01-Jun-1951,16.768
01-Jul-1951,17.046
01-Aug-1951,17.081
01-Sep-1951,16.43
01-Oct-1951,15.529000000000002
01-Nov-1951,14.422
01-Dec-1951,13.995
01-Jan-1952,13.762
01-Feb-1952,14.009
01-Mar-1952,14.373
01-Apr-1952,15.363
01-May-1952,16.129
01-Jun-1952,16.750999999999998
01-Jul-1952,17.067999999999998
01-Aug-1952,16.952
01-Sep-1952,16.395
01-Oct-1952,15.434
01-Nov-1952,14.334000000000001
01-Dec-1952,13.787
01-Jan-1953,13.642000000000001
01-Feb-1953,14.02
01-Mar-1953,14.561
01-Apr-1953,15.518
01-May-1953,16.266
01-Jun-1953,16.89
01-Jul-1953,17.088
01-Aug-1953,16.985
01-Sep-1953,16.418
01-Oct-1953,15.470999999999998
01-Nov-1953,14.332
01-Dec-1953,13.862
01-Jan-1954,13.38
01-Feb-1954,13.783
01-Mar-1954,14.385
01-Apr-1954,15.226
01-May-1954,15.970999999999998
01-Jun-1954,16.609
01-Jul-1954,16.851
01-Aug-1954,16.816
01-Sep-1954,16.223
01-Oct-1954,15.423
01-Nov-1954,14.48
01-Dec-1954,13.62
01-Jan-1955,13.717
01-Feb-1955,13.718
01-Mar-1955,14.179
01-Apr-1955,15.119000000000002
01-May-1955,15.882
01-Jun-1955,16.555
01-Jul-1955,16.809
01-Aug-1955,16.899
01-Sep-1955,16.148
01-Oct-1955,15.333
01-Nov-1955,14.210999999999999
01-Dec-1955,13.522
01-Jan-1956,13.444
01-Feb-1956,13.626
01-Mar-1956,14.231
01-Apr-1956,15.029000000000002
01-May-1956,15.823
01-Jun-1956,16.472
01-Jul-1956,16.830000000000002
01-Aug-1956,16.605
01-Sep-1956,16.088
01-Oct-1956,15.159
01-Nov-1956,14.261
01-Dec-1956,13.704
01-Jan-1957,13.473
01-Feb-1957,13.804
01-Mar-1957,14.380999999999998
01-Apr-1957,15.324000000000002
01-May-1957,16.215999999999998
01-Jun-1957,16.878
01-Jul-1957,17.034000000000002
01-Aug-1957,17.049
01-Sep-1957,16.38
01-Oct-1957,15.463
01-Nov-1957,14.515999999999998
01-Dec-1957,13.970999999999998
01-Jan-1958,13.880999999999998
01-Feb-1958,14.071000000000002
01-Mar-1958,14.547
01-Apr-1958,15.359000000000002
01-May-1958,16.18
01-Jun-1958,16.619
01-Jul-1958,17.039
01-Aug-1958,16.832
01-Sep-1958,16.284000000000002
01-Oct-1958,15.437
01-Nov-1958,14.507
01-Dec-1958,13.829
01-Jan-1959,13.636
01-Feb-1959,13.873
01-Mar-1959,14.612
01-Apr-1959,15.439
01-May-1959,16.122
01-Jun-1959,16.776
01-Jul-1959,17.002
01-Aug-1959,16.908
01-Sep-1959,16.278
01-Oct-1959,15.405
01-Nov-1959,14.272
01-Dec-1959,13.763
01-Jan-1960,13.553
01-Feb-1960,13.956
01-Mar-1960,14.145
01-Apr-1960,15.19
01-May-1960,15.956
01-Jun-1960,16.67
01-Jul-1960,16.985
01-Aug-1960,16.969
01-Sep-1960,16.382
01-Oct-1960,15.456
01-Nov-1960,14.312999999999999
01-Dec-1960,13.927999999999999
01-Jan-1961,13.664000000000001
01-Feb-1961,14.058
01-Mar-1961,14.609000000000002
01-Apr-1961,15.444
01-May-1961,16.241
01-Jun-1961,16.810000000000002
01-Jul-1961,16.987000000000002
01-Aug-1961,16.917
01-Sep-1961,16.309
01-Oct-1961,15.401
01-Nov-1961,14.437000000000001
01-Dec-1961,13.682
01-Jan-1962,13.655
01-Feb-1962,14.003
01-Mar-1962,14.522
01-Apr-1962,15.353
01-May-1962,16.041
01-Jun-1962,16.679000000000002
01-Jul-1962,16.952
01-Aug-1962,16.830000000000002
01-Sep-1962,16.246
01-Oct-1962,15.429
01-Nov-1962,14.421
01-Dec-1962,13.776
01-Jan-1963,13.594000000000001
01-Feb-1963,14.014
01-Mar-1963,14.357000000000001
01-Apr-1963,15.216
01-May-1963,16.05
01-Jun-1963,16.675
01-Jul-1963,17.089000000000002
01-Aug-1963,17.061
01-Sep-1963,16.48
01-Oct-1963,15.587
01-Nov-1963,14.58
01-Dec-1963,13.817
01-Jan-1964,13.595
01-Feb-1964,13.73
01-Mar-1964,14.255999999999998
01-Apr-1964,15.062000000000001
01-May-1964,15.856
01-Jun-1964,16.590999999999998
01-Jul-1964,16.784000000000002
01-Aug-1964,16.634
01-Sep-1964,16.002
01-Oct-1964,15.171
01-Nov-1964,14.202
01-Dec-1964,13.522
01-Jan-1965,13.545
01-Feb-1965,13.698
01-Mar-1965,14.285
01-Apr-1965,15.095
01-May-1965,16.007
01-Jun-1965,16.532
01-Jul-1965,16.762
01-Aug-1965,16.803
01-Sep-1965,16.154
01-Oct-1965,15.405999999999999
01-Nov-1965,14.287
01-Dec-1965,13.775
01-Jan-1966,13.495
01-Feb-1966,13.81
01-Mar-1966,14.445
01-Apr-1966,15.254000000000001
01-May-1966,15.987
01-Jun-1966,16.692999999999998
01-Jul-1966,17.033
01-Aug-1966,16.826
01-Sep-1966,16.273
01-Oct-1966,15.315
01-Nov-1966,14.362
01-Dec-1966,13.683
01-Jan-1967,13.527000000000001
01-Feb-1967,13.687999999999999
01-Mar-1967,14.465
01-Apr-1967,15.3
01-May-1967,16.279
01-Jun-1967,16.665000000000006
01-Jul-1967,16.97
01-Aug-1967,16.84
01-Sep-1967,16.244
01-Oct-1967,15.469
01-Nov-1967,14.353
01-Dec-1967,13.73
01-Jan-1968,13.389000000000001
01-Feb-1968,13.724
01-Mar-1968,14.581
01-Apr-1968,15.261
01-May-1968,15.99
01-Jun-1968,16.695999999999998
01-Jul-1968,16.887
01-Aug-1968,16.794
01-Sep-1968,16.155
01-Oct-1968,15.481
01-Nov-1968,14.418
01-Dec-1968,13.790999999999999
01-Jan-1969,13.518
01-Feb-1969,13.747
01-Mar-1969,14.576
01-Apr-1969,15.518
01-May-1969,16.329
01-Jun-1969,16.830000000000002
01-Jul-1969,16.924
01-Aug-1969,16.945
01-Sep-1969,16.337
01-Oct-1969,15.445
01-Nov-1969,14.524
01-Dec-1969,13.993
01-Jan-1970,13.711
01-Feb-1970,14.022
01-Mar-1970,14.503
01-Apr-1970,15.44
01-May-1970,16.104
01-Jun-1970,16.672
01-Jul-1970,16.912
01-Aug-1970,16.748
01-Sep-1970,16.335
01-Oct-1970,15.42
01-Nov-1970,14.418
01-Dec-1970,13.707
01-Jan-1971,13.615
01-Feb-1971,13.627
01-Mar-1971,14.254000000000001
01-Apr-1971,15.227
01-May-1971,15.963
01-Jun-1971,16.539
01-Jul-1971,16.846
01-Aug-1971,16.752
01-Sep-1971,16.22
01-Oct-1971,15.298
01-Nov-1971,14.399
01-Dec-1971,13.66
01-Jan-1972,13.298
01-Feb-1972,13.644
01-Mar-1972,14.446
01-Apr-1972,15.291
01-May-1972,16.095
01-Jun-1972,16.729000000000006
01-Jul-1972,16.956
01-Aug-1972,16.977999999999998
01-Sep-1972,16.27
01-Oct-1972,15.437999999999999
01-Nov-1972,14.419
01-Dec-1972,13.950999999999999
01-Jan-1973,13.774000000000001
01-Feb-1973,14.14
01-Mar-1973,14.663
01-Apr-1973,15.528
01-May-1973,16.288
01-Jun-1973,16.795
01-Jul-1973,17.002
01-Aug-1973,16.889
01-Sep-1973,16.267
01-Oct-1973,15.419
01-Nov-1973,14.380999999999998
01-Dec-1973,13.710999999999999
01-Jan-1974,13.3
01-Feb-1974,13.49
01-Mar-1974,14.267000000000001
01-Apr-1974,15.182
01-May-1974,15.957
01-Jun-1974,16.616
01-Jul-1974,16.846
01-Aug-1974,16.912
01-Sep-1974,16.197
01-Oct-1974,15.274
01-Nov-1974,14.32
01-Dec-1974,13.655999999999999
01-Jan-1975,13.621
01-Feb-1975,13.857
01-Mar-1975,14.538
01-Apr-1975,15.297
01-May-1975,16.136
01-Jun-1975,16.682000000000002
01-Jul-1975,16.877
01-Aug-1975,16.665
01-Sep-1975,16.215999999999998
01-Oct-1975,15.292
01-Nov-1975,14.126
01-Dec-1975,13.557
01-Jan-1976,13.442
01-Feb-1976,13.619000000000002
01-Mar-1976,14.124
01-Apr-1976,15.135
01-May-1976,15.777999999999999
01-Jun-1976,16.448
01-Jul-1976,16.864
01-Aug-1976,16.671
01-Sep-1976,16.185
01-Oct-1976,15.167
01-Nov-1976,14.299000000000001
01-Dec-1976,13.841
01-Jan-1977,13.646999999999998
01-Feb-1977,14.001
01-Mar-1977,14.639000000000001
01-Apr-1977,15.47
01-May-1977,16.285999999999998
01-Jun-1977,16.846
01-Jul-1977,17.047
01-Aug-1977,16.979
01-Sep-1977,16.312
01-Oct-1977,15.387
01-Nov-1977,14.544
01-Dec-1977,13.741
01-Jan-1978,13.587
01-Feb-1978,13.904000000000002
01-Mar-1978,14.555
01-Apr-1978,15.372
01-May-1978,16.101
01-Jun-1978,16.601000000000006
01-Jul-1978,16.935
01-Aug-1978,16.623
01-Sep-1978,16.281
01-Oct-1978,15.337
01-Nov-1978,14.522
01-Dec-1978,13.793
01-Jan-1979,13.63
01-Feb-1979,13.767999999999999
01-Mar-1979,14.565
01-Apr-1979,15.390999999999998
01-May-1979,16.076
01-Jun-1979,16.772000000000002
01-Jul-1979,16.992
01-Aug-1979,16.977999999999998
01-Sep-1979,16.45
01-Oct-1979,15.557
01-Nov-1979,14.609000000000002
01-Dec-1979,14.182
01-Jan-1980,13.812000000000001
01-Feb-1980,14.112
01-Mar-1980,14.646
01-Apr-1980,15.578
01-May-1980,16.314
01-Jun-1980,16.805999999999997
01-Jul-1980,17.171
01-Aug-1980,17.049
01-Sep-1980,16.427
01-Oct-1980,15.45
01-Nov-1980,14.645
01-Dec-1980,13.892000000000001
01-Jan-1981,13.963
01-Feb-1981,14.073
01-Mar-1981,14.769
01-Apr-1981,15.432
01-May-1981,16.198
01-Jun-1981,16.932000000000002
01-Jul-1981,17.217
01-Aug-1981,17.123
01-Sep-1981,16.465999999999998
01-Oct-1981,15.453
01-Nov-1981,14.47
01-Dec-1981,14.097999999999999
01-Jan-1982,13.587
01-Feb-1982,13.852
01-Mar-1982,14.337
01-Apr-1982,15.33
01-May-1982,16.144000000000002
01-Jun-1982,16.625
01-Jul-1982,17
01-Aug-1982,16.867
01-Sep-1982,16.354
01-Oct-1982,15.493
01-Nov-1982,14.446
01-Dec-1982,14.068
01-Jan-1983,13.979000000000001
01-Feb-1983,14.169
01-Mar-1983,14.683
01-Apr-1983,15.468
01-May-1983,16.34
01-Jun-1983,16.785999999999998
01-Jul-1983,17.067999999999998
01-Aug-1983,17.145
01-Sep-1983,16.573
01-Oct-1983,15.498
01-Nov-1983,14.648
01-Dec-1983,13.886
01-Jan-1984,13.701
01-Feb-1984,13.878
01-Mar-1984,14.608
01-Apr-1984,15.37
01-May-1984,16.294999999999998
01-Jun-1984,16.668000000000006
01-Jul-1984,16.961000000000002
01-Aug-1984,16.972
01-Sep-1984,16.385
01-Oct-1984,15.368
01-Nov-1984,14.32
01-Dec-1984,13.604
01-Jan-1985,13.678
01-Feb-1985,13.731
01-Mar-1985,14.526
01-Apr-1985,15.356
01-May-1985,16.136
01-Jun-1985,16.713
01-Jul-1985,16.906
01-Aug-1985,17.012999999999998
01-Sep-1985,16.357
01-Oct-1985,15.475999999999999
01-Nov-1985,14.388
01-Dec-1985,13.808
01-Jan-1986,13.724
01-Feb-1986,14.084
01-Mar-1986,14.608
01-Apr-1986,15.452
01-May-1986,16.163
01-Jun-1986,16.695999999999998
01-Jul-1986,16.991
01-Aug-1986,16.938
01-Sep-1986,16.285
01-Oct-1986,15.455
01-Nov-1986,14.407
01-Dec-1986,13.805
01-Jan-1987,13.758
01-Feb-1987,14.161
01-Mar-1987,14.538
01-Apr-1987,15.447000000000001
01-May-1987,16.252
01-Jun-1987,16.900000000000002
01-Jul-1987,17.296
01-Aug-1987,17.061
01-Sep-1987,16.569000000000003
01-Oct-1987,15.620999999999999
01-Nov-1987,14.561
01-Dec-1987,14.13
01-Jan-1988,13.978
01-Feb-1988,14.064
01-Mar-1988,14.778
01-Apr-1988,15.593
01-May-1988,16.348
01-Jun-1988,16.976000000000006
01-Jul-1988,17.179000000000002
01-Aug-1988,17.173000000000002
01-Sep-1988,16.553
01-Oct-1988,15.639
01-Nov-1988,14.465
01-Dec-1988,13.923
01-Jan-1989,13.566
01-Feb-1989,13.978000000000002
01-Mar-1989,14.607000000000001
01-Apr-1989,15.422
01-May-1989,16.121
01-Jun-1989,16.725
01-Jul-1989,17.150000000000002
01-Aug-1989,17.051000000000002
01-Sep-1989,16.5
01-Oct-1989,15.597
01-Nov-1989,14.524
01-Dec-1989,14.058
01-Jan-1990,13.890999999999998
01-Feb-1990,14.142999999999999
01-Mar-1990,15.005
01-Apr-1990,15.683
01-May-1990,16.397000000000002
01-Jun-1990,16.995
01-Jul-1990,17.246000000000002
01-Aug-1990,17.11
01-Sep-1990,16.465
01-Oct-1990,15.747
01-Nov-1990,14.77
01-Dec-1990,14.1
01-Jan-1991,13.859000000000002
01-Feb-1991,14.200999999999999
01-Mar-1991,14.689
01-Apr-1991,15.716
01-May-1991,16.37
01-Jun-1991,17.052
01-Jul-1991,17.348
01-Aug-1991,17.163
01-Sep-1991,16.572
01-Oct-1991,15.619000000000002
01-Nov-1991,14.607000000000001
01-Dec-1991,13.98
01-Jan-1992,13.961
01-Feb-1992,14.181
01-Mar-1992,14.771
01-Apr-1992,15.51
01-May-1992,16.319000000000003
01-Jun-1992,16.886000000000006
01-Jul-1992,17.000999999999998
01-Aug-1992,16.900000000000002
01-Sep-1992,16.243
01-Oct-1992,15.419
01-Nov-1992,14.343
01-Dec-1992,13.902
01-Jan-1993,13.896
01-Feb-1993,14.085
01-Mar-1993,14.725
01-Apr-1993,15.482000000000001
01-May-1993,16.230999999999998
01-Jun-1993,16.859
01-Jul-1993,17.155
01-Aug-1993,16.926000000000002
01-Sep-1993,16.381
01-Oct-1993,15.543
01-Nov-1993,14.41
01-Dec-1993,13.904000000000002
01-Jan-1994,13.731
01-Feb-1994,13.773
01-Mar-1994,14.713
01-Apr-1994,15.584000000000001
01-May-1994,16.348
01-Jun-1994,17.021
01-Jul-1994,17.183
01-Aug-1994,17.035999999999998
01-Sep-1994,16.498
01-Oct-1994,15.743
01-Nov-1994,14.754000000000001
01-Dec-1994,14.036
01-Jan-1995,13.945
01-Feb-1995,14.388
01-Mar-1995,14.783
01-Apr-1995,15.587
01-May-1995,16.279
01-Jun-1995,17.008000000000006
01-Jul-1995,17.375
01-Aug-1995,17.297
01-Sep-1995,16.580000000000002
01-Oct-1995,15.748
01-Nov-1995,14.713
01-Dec-1995,13.950999999999999
01-Jan-1996,13.720999999999998
01-Feb-1996,14.207
01-Mar-1996,14.658
01-Apr-1996,15.541
01-May-1996,16.272000000000002
01-Jun-1996,16.847
01-Jul-1996,17.22
01-Aug-1996,17.21
01-Sep-1996,16.444000000000003
01-Oct-1996,15.515999999999998
01-Nov-1996,14.607000000000001
01-Dec-1996,14.052999999999999
01-Jan-1997,13.818
01-Feb-1997,14.177999999999999
01-Mar-1997,14.873
01-Apr-1997,15.634
01-May-1997,16.387999999999998
01-Jun-1997,17.158
01-Jul-1997,17.307000000000002
01-Aug-1997,17.266000000000002
01-Sep-1997,16.766000000000002
01-Oct-1997,15.935
01-Nov-1997,14.952
01-Dec-1997,14.290999999999999
01-Jan-1998,14.063
01-Feb-1998,14.610999999999999
01-Mar-1998,14.958
01-Apr-1998,15.884
01-May-1998,16.671
01-Jun-1998,17.289
01-Jul-1998,17.609
01-Aug-1998,17.491
01-Sep-1998,16.657
01-Oct-1998,15.767999999999999
01-Nov-1998,14.697
01-Dec-1998,14.214
01-Jan-1999,13.933
01-Feb-1999,14.367
01-Mar-1999,14.675999999999998
01-Apr-1999,15.572000000000001
01-May-1999,16.298
01-Jun-1999,16.957
01-Jul-1999,17.218
01-Aug-1999,17.1
01-Sep-1999,16.605
01-Oct-1999,15.675
01-Nov-1999,14.673
01-Dec-1999,14.13
01-Jan-2000,13.773
01-Feb-2000,14.265999999999998
01-Mar-2000,14.845999999999998
01-Apr-2000,15.762
01-May-2000,16.395
01-Jun-2000,17
01-Jul-2000,17.242
01-Aug-2000,17.243000000000002
01-Sep-2000,16.613
01-Oct-2000,15.588
01-Nov-2000,14.632
01-Dec-2000,13.968
01-Jan-2001,13.936
01-Feb-2001,14.179
01-Mar-2001,14.982000000000001
01-Apr-2001,15.808
01-May-2001,16.569000000000003
01-Jun-2001,17.151
01-Jul-2001,17.45
01-Aug-2001,17.294
01-Sep-2001,16.758
01-Oct-2001,15.831
01-Nov-2001,15.011
01-Dec-2001,14.241
01-Jan-2002,14.258
01-Feb-2002,14.505
01-Mar-2002,15.198
01-Apr-2002,15.818
01-May-2002,16.605
01-Jun-2002,17.110000000000007
01-Jul-2002,17.487000000000002
01-Aug-2002,17.328
01-Sep-2002,16.799
01-Oct-2002,15.859000000000002
01-Nov-2002,14.856
01-Dec-2002,14.127
01-Jan-2003,14.207
01-Feb-2003,14.359000000000002
01-Mar-2003,14.973
01-Apr-2003,15.774000000000001
01-May-2003,16.567
01-Jun-2003,17.104000000000006
01-Jul-2003,17.423000000000002
01-Aug-2003,17.402
01-Sep-2003,16.839000000000002
01-Oct-2003,15.997
01-Nov-2003,14.838
01-Dec-2003,14.436
01-Jan-2004,14.097000000000001
01-Feb-2004,14.488
01-Mar-2004,14.992
01-Apr-2004,15.811
01-May-2004,16.383
01-Jun-2004,17.006
01-Jul-2004,17.227
01-Aug-2004,17.266000000000002
01-Sep-2004,16.745
01-Oct-2004,15.889
01-Nov-2004,15.022
01-Dec-2004,14.161
01-Jan-2005,14.159
01-Feb-2005,14.293
01-Mar-2005,15.106
01-Apr-2005,15.978
01-May-2005,16.629
01-Jun-2005,17.248
01-Jul-2005,17.503
01-Aug-2005,17.375
01-Sep-2005,16.903
01-Oct-2005,16.025000000000002
01-Nov-2005,15.005
01-Dec-2005,14.327
01-Jan-2006,13.99
01-Feb-2006,14.435
01-Mar-2006,14.966
01-Apr-2006,15.729000000000001
01-May-2006,16.463
01-Jun-2006,17.215999999999998
01-Jul-2006,17.419
01-Aug-2006,17.479
01-Sep-2006,16.792
01-Oct-2006,15.935
01-Nov-2006,14.931
01-Dec-2006,14.407
01-Jan-2007,14.417
01-Feb-2007,14.408
01-Mar-2007,15.017000000000001
01-Apr-2007,15.93
01-May-2007,16.629
01-Jun-2007,17.168000000000006
01-Jul-2007,17.485
01-Aug-2007,17.339000000000002
01-Sep-2007,16.737000000000002
01-Oct-2007,15.867
01-Nov-2007,14.821
01-Dec-2007,14.11
01-Jan-2008,13.719000000000001
01-Feb-2008,14.061
01-Mar-2008,15.077
01-Apr-2008,15.735
01-May-2008,16.497
01-Jun-2008,17.077
01-Jul-2008,17.449
01-Aug-2008,17.282
01-Sep-2008,16.757
01-Oct-2008,15.931
01-Nov-2008,14.919
01-Dec-2008,14.151
01-Jan-2009,14.091
01-Feb-2009,14.267
01-Mar-2009,14.873
01-Apr-2009,15.819
01-May-2009,16.570999999999998
01-Jun-2009,17.26
01-Jul-2009,17.578
01-Aug-2009,17.427
01-Sep-2009,16.864
01-Oct-2009,15.91
01-Nov-2009,14.968
01-Dec-2009,14.298
01-Jan-2010,14.207999999999998
01-Feb-2010,14.517
01-Mar-2010,15.223
01-Apr-2010,16.038999999999998
01-May-2010,16.732
01-Jun-2010,17.271
01-Jul-2010,17.532
01-Aug-2010,17.412
01-Sep-2010,16.761
01-Oct-2010,15.939
01-Nov-2010,14.995
01-Dec-2010,14.117
01-Jan-2011,13.928
01-Feb-2011,14.193
01-Mar-2011,14.88
01-Apr-2011,15.832
01-May-2011,16.523
01-Jun-2011,17.203000000000007
01-Jul-2011,17.567999999999998
01-Aug-2011,17.475
01-Sep-2011,16.762
01-Oct-2011,15.873
01-Nov-2011,14.799000000000001
01-Dec-2011,14.198
01-Jan-2012,13.859000000000002
01-Feb-2012,14.164
01-Mar-2012,14.863
01-Apr-2012,15.880999999999998
01-May-2012,16.698999999999998
01-Jun-2012,17.252000000000002
01-Jul-2012,17.45
01-Aug-2012,17.42
01-Sep-2012,16.882
01-Oct-2012,16.019000000000002
01-Nov-2012,15.001
01-Dec-2012,14.138
01-Jan-2013,14.117
01-Feb-2013,14.359000000000002
01-Mar-2013,14.952
01-Apr-2013,15.749
01-May-2013,16.608999999999998
01-Jun-2013,17.257
01-Jul-2013,17.503
01-Aug-2013,17.462
01-Sep-2013,16.894000000000002
01-Oct-2013,15.905
01-Nov-2013,15.107000000000001
01-Dec-2013,14.339
01-Jan-2014,14.136
01-Feb-2014,14.157
01-Mar-2014,15.09
01-Apr-2014,16.038
01-May-2014,16.804000000000002
01-Jun-2014,17.303
01-Jul-2014,17.508
01-Aug-2014,17.607
01-Sep-2014,16.975
01-Oct-2014,16.029
01-Nov-2014,14.899
01-Dec-2014,14.41
01-Jan-2015,14.255
01-Feb-2015,14.564
01-Mar-2015,15.193
01-Apr-2015,15.962
01-May-2015,16.774
01-Jun-2015,17.39
01-Jul-2015,17.611
01-Aug-2015,17.589000000000002
01-Sep-2015,17.049
01-Oct-2015,16.29
01-Nov-2015,15.252
01-Dec-2015,14.774
